"Reference","Value","Datasheet","Footprint","Qty","DNP"
"C1,C2,C7,C28,C29","100nF","~","Capacitor_SMD:C_0805_2012Metric","5",""
"C3,C26,C27","C_Polarized","~","Capacitor_THT:CP_Radial_D10.0mm_P5.00mm","3",""
"C4,C9,C31,C32","10µF","~","Capacitor_SMD:C_0805_2012Metric","4",""
"C5","1µF","~","Capacitor_SMD:C_0603_1608Metric","1",""
"C6,C11","4.7µF","~","Capacitor_SMD:C_0603_1608Metric","2",""
"C8,C10,C12,C23","100nF","-- valeurs mixtées --","Capacitor_SMD:C_0603_1608Metric","4",""
"C13","2.2uF","~","Capacitor_SMD:C_0805_2012Metric","1",""
"C14","470nF","~","Capacitor_SMD:C_0603_1608Metric","1",""
"C15","68pF","~","Capacitor_SMD:C_0603_1608Metric","1",""
"C16,C17,C30","47uF","~","Capacitor_SMD:C_1210_3225Metric","3",""
"C18","10nF","~","Capacitor_SMD:C_0603_1608Metric","1",""
"C19,C20","10uF","~","Capacitor_SMD:C_0805_2012Metric","2",""
"C21,C22","10uF","~","LED_SMD:LED_0805_2012Metric","2",""
"C24,C25","22uF","~","LED_SMD:LED_0805_2012Metric","2",""
"D1,D8","13V","~","Diode_SMD:D_1206_3216Metric","2",""
"D2,D3","ESD321","https://www.mouser.fr/ProductDetail/Texas-Instruments/ESD321DYAR?qs=rQFj71Wb1eXoYwRMra0IYA%3D%3D","Diode_SMD:D_SOD-523","2",""
"D4,D27,D29","LED_Small","~","LED_SMD:LED_0805_2012Metric","3",""
"D5,D6,D7,D25,D26,D34,D35","D","~","Diode_SMD:D_1206_3216Metric","7",""
"D9,D10","D","~","Diode_SMD:D_SOD-882","2",""
"D13,D21,D22,D23,D24,D30,D32,D33,D36,D37,D38,D41","D_Zener_Small","~","Diode_SMD:D_SOD-123","12",""
"D48","D","~","Diode_SMD:D_0603_1608Metric","1",""
"F1,F2","Fuse","~","Fuse:Fuse_Littelfuse-NANO2-451_453","2",""
"J1,J3","Conn_01x04_Pin","Stepper","Connector_JST:JST_XH_B4B-XH-A_1x04_P2.50mm_Vertical","2",""
"J2","Conn_02x04_Top_Bottom","~","Connector_Molex:Molex_Micro-Fit_3.0_43045-0812_2x04_P3.00mm_Vertical","1",""
"J5,J6,J7,J8,J9,J10,J18,J19","Conn_01x03_Male","~","Connector_PinHeader_2.54mm:PinHeader_1x03_P2.54mm_Vertical","8",""
"J11","Transistor_2","~","Connector_JST:JST_XH_B2B-XH-A_1x02_P2.50mm_Vertical","1",""
"J12","Transistor_1","~","Connector_JST:JST_XH_B2B-XH-A_1x02_P2.50mm_Vertical","1",""
"J13","Transistor_4","~","Connector_JST:JST_XH_B2B-XH-A_1x02_P2.50mm_Vertical","1",""
"J14","Transistor_.3","~","Connector_JST:JST_XH_B2B-XH-A_1x02_P2.50mm_Vertical","1",""
"J16,J17","Conn_01x04_Male","~","Connector_PinHeader_2.54mm:PinHeader_1x04_P2.54mm_Vertical","2",""
"J24","Conn_LEDs","~","Connector_JST:JST_XH_B3B-XH-A_1x03_P2.50mm_Vertical","1",""
"J25,J29","Conn_AX12","~","Connector_JST:JST_XH_B3B-XH-A_1x03_P2.50mm_Vertical","2",""
"L1","XAL6030-122MEC","","XAL6030-122MEC:IND_XAL6030-122MEC","1",""
"L2","IHLP2525CZER3R3M11","https://datasheet.datasheetarchive.com/originals/distributors/Datasheets-DGA11/2253392.pdf","INDPM6965X300N","1",""
"P1","USB_C_Plug_USB2.0","https://www.usb.org/sites/default/files/documents/usb_type-c.zip","Connector_USB:USB_C_Receptacle_GCT_USB4110","1",""
"Q1,Q2,Q3,Q4,Q6","DMN2011UTS","https://docs.rs-online.com/3df4/0900766b816b6b93.pdf","Package_SO:TSSOP-8_4.4x3mm_P0.65mm","5",""
"Q7","CSD17307Q5A","http://www.ti.com/lit/gpn/csd17307q5a","Package_TO_SOT_SMD:TDSON-8-1","1",""
"Q8","CSD17579Q5A","http://www.ti.com/lit/gpn/csd17579q5a","Package_TO_SOT_SMD:TDSON-8-1","1",""
"R1","1.74k","~","Capacitor_SMD:C_0603_1608Metric","1",""
"R2,R3,R4,R5,R9,R17,R18,R19,R20,R26","220R","~","Resistor_SMD:R_0603_1608Metric","10",""
"R6,R7,R12,R13,R14","NC","~","Resistor_SMD:R_0603_1608Metric","5",""
"R8,R25","500R","~","Resistor_SMD:R_0603_1608Metric","2",""
"R10,R11,R15,R16,R37","0R","~","Resistor_SMD:R_0603_1608Metric","5",""
"R21","500R","~","Resistor_SMD:R_0805_2012Metric","1",""
"R22,R23","10k","~","Resistor_SMD:R_0603_1608Metric","2",""
"R24","10K","~","Resistor_SMD:R_0603_1608Metric","1",""
"R27,R29","5.11kR","~","Resistor_SMD:R_0603_1608Metric","2",""
"R28","1MR","~","Resistor_SMD:R_0603_1608Metric","1",""
"R30","22kR","~","Resistor_SMD:R_0603_1608Metric","1",""
"R31","52.3k","~","Capacitor_SMD:C_0603_1608Metric","1",""
"R32","88.7k","~","Capacitor_SMD:C_0603_1608Metric","1",""
"R33","9.76k","~","Capacitor_SMD:C_0603_1608Metric","1",""
"R34","56.2k","~","Capacitor_SMD:C_0603_1608Metric","1",""
"R35,R36","10k","~","Capacitor_SMD:C_0603_1608Metric","2",""
"R38,R39","1kR","~","Resistor_SMD:R_0603_1608Metric","2",""
"SW1","CK_KMS2xxG","https://www.ckswitches.com/media/1482/kms.pdf","Button_Switch_SMD:SW_SPST_CK_KMS2xxGP","1",""
"U1,U2","XGZP6897D_differential_pressure_sensor","","LibraryVictor:SOIC-8_7.5x5.85mm_P1.27mm","2",""
"U3,U4","TMC2208_SILENTSTEPSTICK","","TMC2208_SILENTSTEPSTICK:MODULE_TMC2208_SILENTSTEPSTICK","2",""
"U5","74LVC2G241","http://www.ti.com/lit/sg/scyt129e/scyt129e.pdf","Package_SO:VSSOP-8_2.4x2.1mm_P0.5mm","1",""
"U6","SN65HVD230","http://www.ti.com/lit/ds/symlink/sn65hvd230.pdf","Package_SO:SOIC-8_3.9x4.9mm_P1.27mm","1",""
"U7","LD1117S33TR_SOT223","http://www.st.com/st-web-ui/static/active/en/resource/technical/document/datasheet/CD00000544.pdf","Package_TO_SOT_SMD:SOT-223-3_TabPin2","1",""
"U8","ESP32-S3-WROOM-1","https://www.espressif.com/sites/default/files/documentation/esp32-s3-wroom-1_wroom-1u_datasheet_en.pdf","PCM_Espressif:ESP32-S3-WROOM-1U","1",""
"U9","LM3150MH","http://www.ti.com/lit/ds/symlink/lm3150.pdf","Package_SO:HTSSOP-14-1EP_4.4x5mm_P0.65mm_EP3.4x5mm_Mask3x3.1mm","1",""
"U10","TPS563200","http://www.ti.com/lit/ds/symlink/tps563200.pdf","Package_TO_SOT_SMD:SOT-23-6","1",""
