"Reference","Value","LCSC#","Qty","Footprint","Datasheet","DNP"
"C1,C2,C7,C8,C10,C12,C23,C28,C29,C35","100nF","C14663","10","Capacitor_SMD:C_0603_1608Metric","-- mixed values --",""
"C3,C26,C27","C_Polarized","C398835","3","Capacitor_THT:CP_Radial_D10.0mm_P5.00mm","~",""
"C4,C9,C19,C20,C21,C22,C31,C32","10uF","C1713","8","Capacitor_SMD:C_0805_2012Metric","~",""
"C5","1µF","C15849","1","Capacitor_SMD:C_0603_1608Metric","~",""
"C6,C11","4.7µF","C1705","2","Capacitor_SMD:C_0603_1608Metric","~",""
"C13","2.2uF","C19110","1","Capacitor_SMD:C_0805_2012Metric","~",""
"C14","470nF","C7503496","1","Capacitor_SMD:C_0603_1608Metric","~",""
"C15","68pF","C62782","1","Capacitor_SMD:C_0603_1608Metric","~",""
"C16,C17,C30","47uF","C5440143","3","Capacitor_SMD:C_1210_3225Metric","~",""
"C18","10nF","C57112","1","Capacitor_SMD:C_0603_1608Metric","~",""
"C24,C25","22uF","C5674","2","LED_SMD:LED_0805_2012Metric","~",""
"C33","470µF","C106619","1","Capacitor_THT:CP_Radial_D7.5mm_P2.50mm","~",""
"C34","C_Small","?","1","Capacitor_SMD:C_0805_2012Metric","~",""
"D1,D8","13V","C173428","2","Diode_SMD:D_SOD-123","~",""
"D2,D3","ESD321","C3008120","2","Diode_SMD:D_SOD-523","https://www.mouser.fr/ProductDetail/Texas-Instruments/ESD321DYAR?qs=rQFj71Wb1eXoYwRMra0IYA%3D%3D",""
"D4,D27","LED_G","C965815","2","LED_SMD:LED_0805_2012Metric","~",""
"D5,D6,D7,D13,D21,D22,D23,D24,D25,D26,D30,D32,D33,D34,D35,D36,D37,D38,D41,D48","D_Zener_Small","C908230","20","Diode_SMD:D_SOD-123","~",""
"D29","LED_R","C965812","1","LED_SMD:LED_0805_2012Metric","~",""
"F1,F2","Fuse 4A","C27515","2","Fuse:Fuse_Littelfuse-NANO2-451_453","~",""
"J1,J3","Conn_01x04_Pin","C595709","2","Connector_JST:JST_XH_B4B-XH-A_1x04_P2.50mm_Vertical","Stepper",""
"J2,J22","Conn_02x04_Top_Bottom","C277661","2","Connector_Molex:Molex_Micro-Fit_3.0_43045-0812_2x04_P3.00mm_Vertical","~",""
"J4,J26,J27,J28","Conn_01x03","C144394","4","Connector_JST:JST_XH_B3B-XH-A_1x03_P2.50mm_Vertical","~",""
"J5,J6,J7,J8,J9,J10,J18,J19","Conn_01x03_Male","C2937625","8","Connector_PinHeader_2.54mm:PinHeader_1x03_P2.54mm_Vertical","~",""
"J11","Transistor_2","C158012","1","Connector_JST:JST_XH_B2B-XH-A_1x02_P2.50mm_Vertical","~",""
"J12","Transistor_1","C158012","1","Connector_JST:JST_XH_B2B-XH-A_1x02_P2.50mm_Vertical","~",""
"J13","Transistor_4","C158012","1","Connector_JST:JST_XH_B2B-XH-A_1x02_P2.50mm_Vertical","~",""
"J14","Transistor_.3","C158012","1","Connector_JST:JST_XH_B2B-XH-A_1x02_P2.50mm_Vertical","~",""
"J16,J17,J23","Conn_01x05","C495550","3","Connector_JST:JST_XH_B5B-XH-A_1x05_P2.50mm_Vertical","~",""
"J24","Conn_LEDs","C144394","1","Connector_JST:JST_XH_B3B-XH-A_1x03_P2.50mm_Vertical","~",""
"J25,J29","Conn_AX12","C144394","2","Connector_JST:JST_XH_B3B-XH-A_1x03_P2.50mm_Vertical","~",""
"L1","XAL6030-122MEC","C19191689","1","XAL6030-122MEC:IND_XAL6030-122MEC","https://www.mouser.fr/ProductDetail/Coilcraft/XAL6030-122MEC?qs=zCSbvcPd3pa9JIn1HYfyrA%3D%3D",""
"L2","IHLP2525CZER3R3M11","C845025","1","INDPM6965X300N","https://datasheet.datasheetarchive.com/originals/distributors/Datasheets-DGA11/2253392.pdf",""
"P1","USB_C_Plug_USB2.0","C963216","1","USBC:G-Switch GT-USB-7047A","https://www.lcsc.com/product-detail/USB-Connectors_G-Switch-GT-USB-7047A_C963216.html",""
"Q1,Q2,Q3,Q4,Q6","DMN2011UTS","C5245271","5","Package_SO:TSSOP-8_4.4x3mm_P0.65mm","https://docs.rs-online.com/3df4/0900766b816b6b93.pdf",""
"Q7","CSD17307Q5A","C22367097","1","Package_TO_SOT_SMD:TDSON-8-1","http://www.ti.com/lit/gpn/csd17307q5a",""
"Q8","CSD17579Q5A","C2760461","1","Package_TO_SOT_SMD:TDSON-8-1","http://www.ti.com/lit/gpn/csd17579q5a",""
"R1","1.74k","C2930053","1","Capacitor_SMD:C_0603_1608Metric","~",""
"R2,R17,R18,R19,R20","220R","C2907127","5","Resistor_SMD:R_0603_1608Metric","~",""
"R3,R4","2kR","C2907137","2","Resistor_SMD:R_0603_1608Metric","~",""
"R5,R27,R29","5.11kR","C2933233","3","Resistor_SMD:R_0603_1608Metric","~",""
"R6,R7,R12,R13,R14","NC","","5","Resistor_SMD:R_0603_1608Metric","~",""
"R8,R31","52.3kR","C23198","2","Resistor_SMD:R_0603_1608Metric","~",""
"R9,R22,R23,R24,R26,R35,R36","10kR","C2930027","7","Resistor_SMD:R_0603_1608Metric","~",""
"R10,R11,R15,R16,R37","0R","C21189","5","Resistor_SMD:R_0603_1608Metric","~",""
"R21","510R","C2907179","1","Resistor_SMD:R_0805_2012Metric","~",""
"R25,R30","22kR","C2907128","2","Resistor_SMD:R_0603_1608Metric","~",""
"R28","1MR","C22935","1","Resistor_SMD:R_0603_1608Metric","~",""
"R32","88.7k","C2999456","1","Capacitor_SMD:C_0603_1608Metric","~",""
"R33","9.76k","C2933269","1","Capacitor_SMD:C_0603_1608Metric","~",""
"R34","56.2k","C2930117","1","Capacitor_SMD:C_0603_1608Metric","~",""
"R38,R39","1kR","C2907113","2","Resistor_SMD:R_0603_1608Metric","~",""
"R40,R41,R42,R43,R44,R45,R46,R47","R_Small","","8","Resistor_SMD:R_0603_1608Metric","~",""
"SW2","SW_Push","C2888419","1","button:BZCN TSA007A1518B03","https://www.lcsc.com/product-detail/Tactile-Switches_BZCN-TSA007A1518B03_C2888419.html",""
"U1,U2","XGZP6897D_differential_pressure_sensor","","2","LibraryVictor:SOIC-8_7.5x5.85mm_P1.27mm","",""
"U3,U4","TMC2208_SILENTSTEPSTICK","","2","TMC2208_SILENTSTEPSTICK:MODULE_TMC2208_SILENTSTEPSTICK","",""
"U5","74LVC2G241","C10430","1","Package_SO:VSSOP-8_2.4x2.1mm_P0.5mm","http://www.ti.com/lit/sg/scyt129e/scyt129e.pdf",""
"U6","SN65HVD230","C12084","1","Package_SO:SOIC-8_3.9x4.9mm_P1.27mm","http://www.ti.com/lit/ds/symlink/sn65hvd230.pdf",""
"U7","LD1117S33TR_SOT223","C20538890","1","Package_TO_SOT_SMD:SOT-223-3_TabPin2","http://www.st.com/st-web-ui/static/active/en/resource/technical/document/datasheet/CD00000544.pdf",""
"U8","ESP32-S3-WROOM-1","C2913198","1","PCM_Espressif:ESP32-S3-WROOM-1U","https://www.espressif.com/sites/default/files/documentation/esp32-s3-wroom-1_wroom-1u_datasheet_en.pdf",""
"U9","LM3150MH","C1519420","1","Package_SO:HTSSOP-14-1EP_4.4x5mm_P0.65mm_EP3.4x5mm_Mask3x3.1mm","http://www.ti.com/lit/ds/symlink/lm3150.pdf",""
"U10","TPS563200","C97253","1","Package_TO_SOT_SMD:SOT-23-6","http://www.ti.com/lit/ds/symlink/tps563200.pdf",""
"U11","PCF8574ATS","C2803277","1","Package_SO:SSOP-20_4.4x6.5mm_P0.65mm","http://www.nxp.com/docs/en/data-sheet/PCF8574_PCF8574A.pdf",""
